来源篇名	来源作者	期    刊	第一机构	年代卷期	关 键 词
乡镇执法权的配置:现状与改革	陈柏峰	求索	中南财经政法大学	2020,(010):95-105	乡镇执法/基层执法/执法权/执法体制改革
防范乡镇撤并中网络舆情风险的话语赋权研究——基于后现代公共行政话语理论的分析	李金龙/刘巧兰	电子政务	湖南大学	2020,(020):55-65	话语赋权/乡镇撤并/风险防范/网络舆情风险/后现代公共行政
富人治村与不完整乡镇政权的自我削弱——项目进村背景下华北平原村级治理重构的经验启示	陈文琼	中国农村观察	中南大学	2020,(010):29-43	项目进村/富人治村/资源匮乏/乡镇政权运作能力/不完整政权/寡头精英
村镇工厂与农村女性反贫困研究	邢成举	妇女研究论丛	西北农林科技大学	2020,(010):47-55	村镇工厂/农村女性/反贫困/乡镇企业
乡镇级国土空间总体规划的必要性、定位与重点内容	彭震伟/张立/董舒婷/李雯骐	城市规划学刊	同济大学	2020,(010):31-36	空间规划/总体规划/乡镇/治理/村庄规划
迈向治理实践的乡村基层政权研究:论域、进路与反思	韩瑞波	云南社会科学	华中师范大学	2020,(020):8-16	乡村基层政权研究/乡镇政权/知识图谱/政权建设/社会治理
抗战胜利后广东基层行政人员的异动及其成因（1946-1949）	刘国华	学术前沿	福建师范大学	2020,(070):104-107	地方政府/县行政人员/乡镇保甲长/异动
破解基层人才困局的制度选择	周少来	人民论坛	中国社会科学院政治学研究所	2020,(110):55-57	基层人才/乡镇政府/制度
镇域经济发展与土地集约利用水平综合测度及其关联特征分析——以江苏省109个抽样乡镇为例	尹旭/李裕瑞/袁涛/王婧	自然资源学报	中国科学院地理科学与资源研究所	2020,35(030):614-625	乡镇/经济发展/土地集约利用/关联特征/江苏省
乡村居民社交网络使用与人际交往——基于中国35个乡镇的实证研究	金恒江/聂静虹/张国良	新闻与传播研究	重庆大学	2020,27(020):77-96	乡村居民/社交网络/人际交往/网络社会临场感
“扶贫包干制”的制度建构与实践路径——基于黔西南B镇的案例分析	李卓/徐明强/左停	西南大学学报(社会科学版)	中国农业大学	2020,46(020):20-27	扶贫包干制/科层制/政治动员/深度贫困/精准扶贫/贫困治理/极贫乡镇/超常规治理
中国基层执法中的相机选择:从策略赋权到话语使用	吕普生/吕忠	中国行政管理	武汉大学	2020,(020):78-86	基层执法/选择性执行/乡镇综合执法局/条块约束/合法性话语
“复合治理型”政府:简政放权视野下的乡镇角色转型	叶贵仁	学术研究	华南理工大学	2020,(050):60-66	经济发达镇/复合治理型/组织结构/治理能力
行政包干制:乡镇非正式治理的常态化机制	张丹丹	华南农业大学学报(社会科学版)	武汉大学	2020,19(040):21-30	非正式治理/行政包干制/乡镇政府/乡村治理
责任心、军事化与新名词——抗战前江苏省乡镇保甲长训练研究	杨红运	中国农史	天津外国语大学	2020,39(030):118-131	抗战前/江苏省/乡镇保甲长/训练/乡村整合
20世纪80年代中国农村集镇影院建设历史考	边静/扶彦君	当代电影	中国电影艺术研究中心	2020,(080):52-58	集镇、乡镇影院/投资建设/经营管理/发展成效/投资效率/产业失衡
论发展乡镇电影院的策略	张小丽	当代电影	北京电影学院	2020,(080):59-64	发展/乡镇电影院/电影市场体系/策略建议
电影院作为乡镇媒介化治理实践的研究——文化治理视野下安徽省乡镇电影院建设与运营	张铮/林天强/刘钰潭	当代电影	清华大学	2020,(080):65-71	安徽/乡镇电影院/文化治理/媒介化/未来定义权
贵州乡镇影院建设的现状、问题及对策	武建勋	当代电影	中国电影艺术研究中心	2020,(080):72-77	乡镇影院/贵州/县级影院/城镇化发展/问题与对策
“经营村庄”:项目进村背景下的乡镇政府行为研究	李祖佩/钟涨宝	政治学研究	华中农业大学	2020,(030):39-50	政权经营者/经营村庄/经营土地/项目进村
“制造流动”:乡镇干部人事激励的一个新解释框架	杨华	探索	武汉大学	2020,(040):37-50	乡镇干部/人事激励/隐性层级/层级分流/基层治理
基于乡镇尺度的兰西城市群人口分布特征及其影响因素	罗君/石培基/张学斌	干旱区资源与环境	西北师范大学	2020,34(070):104-111	人口分布特征/影响因素/地理探测器/乡镇尺度/兰西城市群
“居游共融”视角下旅游服务型乡镇农贸市场营造策略探究	罗奇/邬书海	城市发展研究	江西师范大学	2020,27(070):	居游共融/农贸市场/公共空间/营造策略
乡镇政府社会治理能力的评估与提升路径	郑志龙/赵春草	行政论坛	郑州大学	2020,27(050):46-51	乡镇政府/社会治理能力/政府绩效评估/评估模型
国家、市场与社会:新中国70年乡村社会变革中的秩序形塑——基于一个西北乡镇的实地考察	尹广文	甘肃社会科学	西北师范大学	2020,(050):37-45	基层党政/地方市场/乡间社会/乡村社会变革/乡村社会秩序
民族地区乡镇人口规模及其影响因素——以渝东南165个乡镇为例	刘夏/周超	中南民族大学学报(人文社会科学版)	四川外国语大学	2020,40(020):108-113	民族地区/乡镇/人口规模/影响因素/渝东南
控制权理论视角下乡镇干部职业倦怠现象及其治理——基于江西省YF县FX镇乡镇干部绩效考核工作试点的调研	田孟	求实	中南大学	2020,(050):58-69	乡镇治理/乡镇干部/职业倦怠/绩效考核/末位淘汰/控制权理论
治理主体行动逻辑的“四维分析框架”——兼论乡村治理中乡镇政府行动逻辑演变及趋向	李齐/李松玉	政治学研究	山东师范大学	2020,(040):82-94	治理/主体行动/四维分析/乡村
论村级治理行政化——以乡镇政府中心工作推进为切入点的分析	李祖佩/钟涨宝	农业经济问题	华中农业大学	2020,(100):68-79	中心工作/治理主体/治理规则/村级治理行政化/治理现代化
乡镇行政区划调整的基层治理效应	田玲玲/罗静	华中师范大学学报(人文社会科学版)	华中师范大学	2020,59(060):13-21	乡镇行政区划调整/社会治理/基层治理
农村产业融合发展的影响因素与路径选择——基于安徽省巢湖市12乡镇的模糊集定性比较分析	朱文韬/栾敬东	云南民族大学学报(哲学社会科学版)	安徽农业大学	2020,37(050):52-59	农村产业融合/农业科技进步/农村产权制度改革/模糊集定性比较分析(fsQCA)
基层协商民主中的主体意愿与实践绩效——基于1002位乡镇干部问卷调查的分析	朱凤霞	探索	中共四川省委省直机关党校	2020,(060):55-67	基层协商民主/乡镇干部/基层治理/协商民主制度化/实践绩效
治理性回应:从自设性工作组看乡镇政府的行为逻辑——以A镇“老股金工作组”为分析对象	李华胤	探索	华中师范大学	2020,(060):169-180	自设性工作组/治理性工作组/治理性回应/政府治理/有效回应
2018，基层治理十大靶点（三）	向定杰/谭元斌/余贤红/周楠/梁建强/高皓亮/郑生竹/夏军/程士华/韩振/宋晓东/吴锺昊/吴帅帅/李金红	求是	新华社	2019,(040):64-73	基层治理/基层改革/乡镇干部
选择性培育:赋予乡镇政府更多自主权的实践逻辑及其优化	高翔	探索	浙江大学	2019,(010):36-43	乡镇政府/自主权/治理能力/行政体制改革
乡村振兴背景下的服务型乡镇政府建设——基于国家治理体系现代化视角的研究	张春照	学术前沿	吉林大学	2019,(020):104-107	乡村振兴/乡镇政府/国家治理体系
乡镇生活垃圾分类处理对碳减排的贡献	连宏萍/王德川	中国人口.资源与环境	北京师范大学	2019,29(010):70-78	乡镇生活垃圾/分类认知/分类处理/碳减排/绿色低碳
强化中的弱势:“放管服”改革背景下乡镇政府公共服务履职的个案考察	侯志阳	中国行政管理	华侨大学	2019,(050):46-51	公共服务/“放管服”改革/乡镇政府/职能转变
乡镇年轻干部断层短板怎么破	赵秀玲	人民论坛	中国社会科学院政治学研究所	2019,(190):34-36	乡镇年轻干部/断层/任用制度
国家治理现代化视域下乡镇派出所职能转变与路径选择	金蓉/张宁	学习与探索	中国人民公安大学	2019,(040):56-61	国家治理现代化/乡镇派出所/机构改革/职能转变
刚性约束与自主性扩张——乡镇政府编外用工的一个解释性框架	颜昌武	中国行政管理	暨南大学	2019,(040):100-106	央地关系/乡镇职能/编制管理/编外人员/自主性扩张
弱选举竞争的形成机制与乡镇干预——基于鄂西Z村的个案考察	杜姣	北京社会科学	武汉大学	2019,(030):101-110	弱竞争选举/乡镇干预/村级治理行政化/村民自治
村干部选举“共谋”行为及其对村庄治理的影响——基于山东省S村换届选举的调查	唐京华	中国农村观察	东北大学	2019,(030):97-108	村庄选举/村干部共谋/村庄治理/乡土规则/乡镇政府行动
基层治理中的“谋生式”行政——对乡镇政府编外用工的财政社会学分析	颜昌武	探索	暨南大学	2019,(030):70-79	基层治理/乡镇政府/编外人员/谋生式行政/财政社会学
中国乡镇企业生产效率格局及重心轨迹演变	于正松/李小建/刘依/许家伟/薛冬萍	经济地理	安阳师范学院	2019,39(050):128-134	乡镇企业/生产效率/重心轨迹/乡村产业振兴/科技支撑/产业融合发展/城镇化
中国经济学70年:回顾与展望——庆祝新中国成立70周年笔谈（下）·改革开放的经验是积累而成的——四十年以来的改革实践和理论的发展	厉以宁	经济研究	北京大学	2019,54(100):4-6	改革开放/农村经济/乡镇企业
当前乡镇法治政府建设的难点与路径选择	王青斌	人民论坛	中国政法大学	2019,(290):100-102	依法治国/法治政府/乡镇政府/法治建设
改革开放40年乡镇民间体育组织的历史变迁与启示——以G镇为个案的实证考察	李慧萌/汪波	武汉体育学院学报	皖西学院	2019,53(110):36-42	乡镇体育/民间体育组织/改革开放/变迁/启示
中原城市群镇域经济空间格局及其影响因素	丁志伟/黄逦茗/谢慧钰/白楠屹/张改素	经济地理	河南大学	2019,39(110):60-68	经济差异/百度检索量/镇域/中原城市群/乡镇经济/社会保障/乡村振兴战略
乡镇政府体制性困局及其应对	周少来	甘肃社会科学	中国社会科学院政治学研究所	2019,(060):33-40	乡镇政府/权责体制/层层加码/治理体系
海外贸易与近代江南乡镇民营经济的发展——以棉业为例	于新娟	厦门大学学报(哲学社会科学版)	上海外国语大学	2019,(060):163-172	中国近代/海外贸易/江南/乡镇民营经济/棉业
推进村级组织负责人“一肩挑”的条件与挑战——基于P镇的实地调研	程同顺/史猛	南开学报(哲学社会科学版)	南开大学	2019,(040):76-86	“一肩挑”/制度变革/乡镇/村民自治
以乡镇企业为代表的乡村非农产业对农村居民收入作用研究	韩炜/蔡建明/马恩朴	经济问题	中国科学院地理科学与资源研究所	2019,(080):82-90	乡镇企业/乡村非农产业/农村居民收入/乡村振兴
南京国民政府时期乡镇调解制度初探	毕连芳	江西社会科学	河北师范大学	2019,(070):116-123	南京国民政府时期/乡镇调解制度/乡镇调解委员会
警惕“指尖上的形式主义”	王丛虎	人民论坛	中国人民大学	2019,(240):90-91	形式主义/互联网/乡镇干部
对基层政权定位的重新认识	唐鸣/朱可心	中州学刊	华中师范大学	2019,(120):7-11	基层政权/地方政权/街道/乡镇
我国乡镇政府执法权配置研究	夏正林/何典	江淮论坛	华南理工大学	2019,(060):149-155,167	乡镇政府/行政执法/职能供给/主体资格/权力配置
发展型基层政权:乡镇政府的行为逻辑与角色属性——基于浙东Z镇乡村旅游产业案例的分析	印子	北京社会科学	中南财经政法大学	2019,(110):51-61	乡镇政府/行为逻辑/角色属性/项目制/发展型基层政权
减轻乡镇债务不能违纪违规违法——如何防止乡镇党员领导干部的财政金融风险	周庆智	人民论坛	中国社会科学院政治学研究所	2019,(350):74-75	乡镇债务/财政金融腐败/制度改革
乡镇干部如何驾驭乡村振兴中的“产业兴旺”——湖南省33个乡镇党委书记和乡镇长的相关调查	唐浩	理论探索	湖南农业大学	2019,(010):123-128	乡村振兴战略/产业兴旺/乡镇领导干部
新中国70年国家战略对城镇化的影响	孔德继	科学社会主义	中国农业大学	2019,(050):108-114	城镇化/乡镇企业/小城镇/农村工业/计划经济
基层治理的形式主义何以发生——从乡镇职能部门关系反思治理问题	杨华	文化纵横	武汉大学	2019,(020):53-60	基层治理/形式主义/属地管理
政府行为与中国社会发展——社会学的研究发现及范式演变	周飞舟	中国社会科学	北京大学	2019,(030):21-38	政府行为/乡镇企业/项目制/历史维度
乡镇尺度上的山东省人口老龄化空间格局演变与影响因素研究	李少星/王先芝/纪小乐/张烨	地理科学进展	山东大学	2019,38(040):567-576	人口老龄化/空间格局/乡镇尺度/空间计量模型/山东省
乡镇企业改制的社会历史学分析——以浙江省慈溪市为例	严宇鸣	中共党史研究	华东政法大学	2019,(050):86-103	乡镇(社队)企业/管理制度改革/所有制改制/社会经济转型
改革开放四十年与中国社会的发展（续）·传统与现代之间:乡镇企业兴衰与中国农村社会变迁——以苏州吴江区七都镇为例	陆远/王志萍	浙江学刊	南京大学	2019,(010):42-49	乡镇企业/社会变迁/乡土性/现代性/改革开放
精简乡镇行政机构有助于县级财政解困吗？——来自河南省“撤乡并镇”改革的准自然实验证据	刘穷志/苗高杰	经济社会体制比较	武汉大学	2019,(040):107-117	精简机构/撤乡并镇/财政自给率/财政解困/双重差分
基于随机森林模型的西藏人口分布格局及影响因素	王超/阚瑷珂/曾业隆/李国庆/王民/次仁	地理学报	北京师范大学	2019,74(040):664-680	人口分布/影响因素/乡镇尺度/随机森林/概念模型
伪满洲国殖民统治对所辖地区经济的长期影响——基于旗、乡、镇层面的断点回归设计	辛星/许悦驰	经济科学	北京大学	2019,(030):106-118	殖民统治/伪满洲国/长期经济增长
武陵山片区城镇化的农户生计响应及影响因素研究——基于3个典型乡镇355户农户调查数据的分析	丁建军/金宁波/贾武/易肖肖/王永明	地理研究	吉首大学	2019,38(080):2027-2043	城镇化/农户/生计响应/武陵山片区
边境乡镇治理中国家基础性权力的成长	方盛举/赵若州	学习与探索	云南大学	2019,(090):74-80	边境乡镇政府/边境乡镇治理/国家治理体系和治理能力现代化/国家基础性权力
创新落实乡镇财政体制改革	郭玮	人民论坛	山西财经大学	2019,(280):58-59	乡镇财政/乡村振兴/政府职能
中国乡镇医生精神疾病知识以及对精神病人态度的调查（英文）	王慧莹/杨放如/张杰/刘海洪	中国临床心理学杂志	中南大学	2018,26(010):105-112	医师/精神病知识/歧视/精神分裂症/强迫症/中国农村
《中华人民共和国公共图书馆法》法制框架下的总分馆体系建设研究	陈丽纳	图书馆建设	广州图书馆	2018,(020):29-34	中华人民共和国公共图书馆法/总分馆/乡镇图书馆/分馆
甘肃省河西地区自然–社会系统脆弱性评价	周苏娥/张明军/王圣杰/孙美平	资源科学	西北师范大学	2018,40(020):452-462	脆弱性评价/自然-社会系统/乡镇尺度/主要贡献因子/河西地区
“项目进村”乡镇政府选择性供给的后果及其矫正	曹海林/俞辉	中国行政管理	河海大学	2018,(030):69-75	项目进村/乡镇政府/选择性供给/引致后果/矫正之策
欠发达地区民族乡镇公共文化服务探索——以贵阳市乌当区新堡布依族乡为例	柯平/彭亮	图书馆论坛	南开大学	2018,38(050):12-18	欠发达地区/民族乡镇/公共文化服务/民族文化
市场、乡镇与区域:早期燕京学派的现代中国想象——反思清河调查与清河试验（1928-1937）	侯俊丹	社会学研究	首都经济贸易大学	2018,33(030):193-215	早期燕京学派/市场/乡镇共同体/综合性区域经济设计
乡镇政府绩效考核体系创新路径及影响——基于G市的案例分析	吴理财/刘建	北京行政学院学报	华中师范大学	2018,(020):19-26	政治锦标赛/乡镇自主性/选择性治理/乡镇绩效考核/新型城镇化
“中心工作”机制:乡镇运行模式的一种解读——基于L市辖区乡镇的分析	程同顺/邢西敬	江苏行政学院学报	南开大学	2018,(020):111-120	乡镇/中心工作/机制/运行模式
“治理下乡”:关于我国乡镇治理现代化的思考	夏志强/谭毅	上海行政学院学报	四川大学	2018,19(030):15-27	治理下乡/乡镇治理现代化/政府理性化
治理能力现代化视域下乡镇干部胜任力研究——以山西省150名乡镇干部为考察样本	李蓉蓉	理论探索	山西大学	2018,(030):81-87	治理能力现代化/乡镇干部/胜任力
乡镇幼儿园主题墙创设策略	郑天竺/吴淑玲	学前教育研究	琼台师范学院	2018,(080):67-69	主题墙/教育环境/环境创设
三维框架:乡村振兴战略中乡镇政府职能的转变	黄建红	行政论坛	湖南农业大学	2018,25(030):62-67	乡镇政府/政府职能转变/乡村振兴战略
新型职业农民培育影响因素及其精准培育研究——基于7省21县（市、区）63乡（镇）的调研数据	徐辉/许泱/李红/常春华	江西财经大学学报	长江大学	2018,(030):86-94	新型职业农民/职业农民培育/影响因素
乡土文化资本与返乡农民工子女乡土适应研究——以湖北省Y乡镇中学为个案	李雪萍/刘腾龙	中国青年研究	华中师范大学	2018,(100):58-65	返乡农民工子女/乡土适应/乡土文化资本
政府信任对农地流转意愿影响及其机制研究——以乡村振兴为背景	蒲实/袁威	北京行政学院学报	国家行政学院	2018,(040):28-36	乡村振兴/农地流转/乡镇基层政府/政府信任
乡村振兴战略下乡镇治理现代化的三维视域	黄建红	内蒙古社会科学	湖南农业大学	2018,39(050):19-22	乡村振兴/乡镇治理现代化/三维视域
“双失灵”背景下建设新型文化共享空间的理论与实践——以湖北乡镇“点播影院”试点为中心的考察	傅才武/侯雪言/申念衢	福建论坛(人文社会科学版)	武汉大学	2018,(080):56-63	文化共享空间/点播影院/乡镇文化站/“双失灵”
乡镇政府债务化解与风险防范研究——基于《预算法》的视角	张婉苏	学习与探索	南京大学	2018,(060):78-85	《预算法》/乡镇政府债务/风险化解/风险防范/新型城镇化建设
乡镇检察室制度重建的路径分析	张峰	郑州大学学报(哲学社会科学版)	四川大学	2018,51(030):53-57	乡镇检察室/治理合法性/治理有效性/职权优化配置
新型农村合作社发展中的乡镇政府角色与行为困境	赵玉石/刘亚娜	社会科学战线	东北师范大学	2018,(030):196-201	新型农村合作社/乡城政府/乡镇政府角色/乡镇政府行为
“后撤并时代”被调整乡镇的治理现代化:困境与策略选择——以广东为重点的考察	刘志鹏	学术研究	华南师范大学	2018,(020):44-51	乡镇撤并/后撤并时代/被调整乡镇/乡镇治理
苏南乡镇少数民族外来人口生活状况调查及管理对策研究——以昆山市张浦镇研究为例	江昼	宁夏社会科学	南京大学	2018,(020):167-172	少数民族外来人口/生活状况/调查问卷/张浦/对策研究
联村制度:转型期基层社会治理的制度实践与反思——基于浙东H镇的调查	刘成良	华中农业大学学报（社会科学版）	华中科技大学	2018,(020):106-112	双轨政治/社会治理/联村制度/群众路线/乡镇干部
从豪族、大户到无赖:清代“淞南”乡镇的生活世界与秩序	冯贤亮	社会科学	复旦大学	2018,(020):142-153	清代/淞南/基层社会/地方秩序
边疆民族地区精准脱贫中的主要问题及建议	王飞	中央民族大学学报(哲学社会科学版)	中央民族大学	2018,45(040):45-53	边疆民族地区/贫困/精准脱贫/边疆乡镇布局
乡镇小学生的数学焦虑与数学成绩:数学自我效能感和数学元认知的链式中介作用	张婕/黄碧娟/司继伟/官冬晓	心理发展与教育	山东师范大学	2018,34(040):453-460	数学焦虑/数学自我效能感/数学元认知/数学成绩/链式中介
双向嵌入:农村经济能人与基层政府行为——政治社会学视角下的城镇化问题研究	郑扬/胡洁人	上海行政学院学报	香港城市大学	2018,19(060):89-100	城镇化/农村经济能人/乡镇政府行为/政治社会学
乡镇农地经营权流转平台发展趋势及其驱动力研究	甄江/黄季焜	农业技术经济	中国科学院地理科学与资源研究所	2018,(070):33-40	农村土地/土地流转平台/发展趋势/影响因素
乡镇二孩家庭儿童的人际关系:出生次序及同胞性别组合的影响	屈晓兰/陈袁佳/陈屈峰	中国特殊教育	湖南第一师范学院	2018,(010):70-76	儿童人际关系/出生次序/同胞性别组合/乡镇二孩家庭
村庄异质性、村民协商获得感与村委会工作满意度——基于10个乡镇1987个样本的实证分析	李强彬/李佳桧	经济社会体制比较	四川大学	2018,(040):81-90	村委会工作满意度/村民协商获得感/村庄异质性/多层次模型
主观绩效、社会信任与农村居民对乡镇政府信任	胡荣/范丽娜/龚灿林	社会科学研究	厦门大学	2018,(060):105-113	政治信任/主观绩效/社会信任
乡镇行政区划调整与政府职能转变的互动逻辑	黄建红/颜佳华	中南大学学报(社会科学版)	湖南农业大学	2017,23(040):145-151	乡镇政府/行政区划/乡镇政府职能/乡镇行政管理体制/长沙市望城区
社会公平与政治信任——基于“中国乡镇民主与治理调查”的实证研究	曹静晖/黄嘉文/吕行	理论探讨	华南理工大学	2017,(030):152-158	基层政治信任/社会公平/程序公正/结果公平
乡镇政府职能转变:乡镇干部的认知研究——基于山东省问卷调查的分析	曲延春	中共中央党校学报	山东师范大学	2017,21(040):88-96	服务型乡镇政府/职能转变/乡镇干部/农村公共产品
乡镇领导干部土地资源资产离任审计探索与实践——以北京某乡镇领导干部离任审计为例	顾奋玲/吴佳琪	审计研究	首都经济贸易大学	2017,(060):28-35	乡镇领导干部/土地资源资产/离任审计/评价标准
中国乡镇政府的政治信任:影响因素及区域差异	陈天祥/周敏婷/郑佳斯	江苏行政学院学报	中山大学	2017,(010):101-108	农村政府信任/文化路径/制度路径/区域差异
西部欠发达地区乡镇土地利用生态效应评价研究——以甘肃省榆中县为例	林坚/刘松雪/付雅洁/梁军辉	城市发展研究	北京大学	2017,(020):113-121	生态效应评价/土地利用/乡镇/西部欠发达地区/榆中县
论新型城镇化背景下的乡镇功能转换	李麦产	湖湘论坛	河南大学	2017,30(010):97-105	乡镇/新功能/社会事业/新型城镇化
福州市仓山区乡镇（街道）图书馆服务现状调查	邱丰	图书馆学研究	福建省图书馆	2017,(010):29-34	乡镇(街道)图书馆/公共文化服务/基层图书馆
茶园土壤重金属乡镇尺度下空间异质性分析——以江浙优质名茶种植园为例	董立宽/方斌	地理研究	南京师范大学	2017,36(020):391-404	茶园/土壤重金属/相关关系/地统计学/空间异质性
选择性治理:精准扶贫中乡镇政权行动逻辑的组织分析	朱天义/高莉娟	西南民族大学学报(人文社科版)	中共江西省委党校	2017,38(010):212-216	乡镇政权/治理精英、社会资本/选择性治理/精准扶贫
辱虐管理对乡镇公务员工作场所偏差行为的影响机制——心理契约违背的中介作用	黄蝶君/李娟/李桦	软科学	华南农业大学	2017,31(030):87-91	乡镇公务员/辱虐管理/工作场所偏差行为/心理契约违背
农村学龄青年“混混”心态形成及其原因探析——以苏北农村两乡镇中学田野调研为例	王会	中国青年研究	上海社会科学院	2017,(010):57-63	农村学龄青年/混混心态/多重教育缺失/边缘化
个体生命历程视角下乡镇女干部职业生涯轨迹研究	廖旖旎/聂建亮/王彩云	青年研究	英国贝尔法斯特女王大学	2017,(020):47-55	乡镇女干部/生命历程/职业生涯轨迹/职业发展
复式话语、自利性双向依赖与悬吊治理——基于渝东南民族杂居M村庄治理实践的分析	高永久/孔瑞	中南民族大学学报(人文社会科学版)	兰州大学	2017,37(010):6-11	乡村治理/少数民族村庄/资源入乡镇/民族话语/项目进村/悬吊治理
色彩之于场所精神的向度研究——以江南乡镇建筑色彩为例	胡沂佳	新美术		2017,38(040):101-107	色彩/江南/乡镇建筑
国外基层公务员激励机制对我国的启示——以美国、日本、越南为例	唐艳华	探索	湘潭大学	2017,(020):187-191	基层公务员/乡镇党委政府/激励机制
乡镇政府推进公共服务均等化的路径选择	李晓玲	华东经济管理	沈阳农业大学	2017,31(040):181-184	乡镇政府/公共服务均等化/路径
利益结构观下乡镇治理研究——以哈密地区X镇为例	岳甜/魏中彪	新疆大学学报(哲学人文社会科学版)	西安交通大学	2017,(050):33-38	治理/乡镇治理/利益结构/利益结构观
乡镇分利秩序的乡土逻辑:基于西部Y县的调查	曾智洪	西南大学学报(社会科学版)	杭州师范大学	2017,(060):33-40	西部乡镇/分利秩序/制度异化/放权赋能/合作治理/农民组织化
政府职能、居民评价与乡镇政府满意度——基于10省1336个样本的实证分析	贾晋/李雪峰	公共行政评论	西南财经大学	2017,10(030):164-183	乡镇政府/绩效评价/居民满意度/职能转变
民国时期甘肃乡镇保甲经费问题研究（1934-1949）	柳德军	史学集刊	山西大学	2017,(060):99-112	民国时期/甘肃省政府/保甲经费/统收统支/就地摊派
加强乡镇政府服务能力建设	《中国行政管理》编辑部	中国行政管理	《中国行政管理》编辑部	2017,(070):5	乡镇政府/服务能力/基层治理
大城市乡镇事业单位人员超编问题研究——以上海市P镇为例	赵勇/谢繁卉	上海行政学院学报	复旦大学	2017,18(040):59-70	大城市乡镇/事业单位人员超编/政策建议
基于乡镇尺度的黄土高原干旱脆弱性时空演变分析——以榆中县为例	石育中/李文龙/鲁大铭/王子侨/杨新军	资源科学	西北大学	2017,39(110):2130-2140	干旱脆弱性指数/Getis-Ord G*/时空演变/影响因素/黄土高原
基于乡镇地域主导功能定位的农村居民点整理策略研究	原野/赵中秋/师学义/牛姝烨/祝培甜/荣联伟	自然资源学报	中国地质大学（北京）	2017,32(120):2089-2099	乡镇/主导功能定位/农村居民点/土地整理
城市郊野建设用地节约集约利用内涵重构与“5Q5E”评价模型——上海98个乡镇数据实证	柴铎/周小平/谷晓坤	城市发展研究	中央财经大学	2017,24(100):79-85	郊野地区/土地利用评价/“5Q5E”/节约集约
河南省人口分布与乡镇可达性空间耦合特征	崔彩辉/韩志刚/苗长虹/王兵/刘钢军	人文地理	河南大学	2017,32(050):98-104,118	人口分布/可达性/空间耦合/乡镇/河南省
乡镇政府主导农地流转的经济困境分析——农村土地综合整治中的D镇案例	邹伟/王雪琪/林宝琴	中国行政管理	南京农业大学	2017,(090):58-64	政府主导/农地统一流转/经济困境/乡镇案例
余华小说:古典气质与乡镇叙事	徐勇	中国现代文学研究丛刊	浙江师范大学	2017,(070):109-119	余华小说/古典气质/小镇情结/时空意识
乡镇居民点规模–功能系统耦合协调发展研究——以重庆市潼南区为例	孙方/王炜/廖聪/张文新	长江流域资源与环境	北京师范大学	2017,26(050):667-677	乡镇居民点/居民点规模/居民点功能/耦合协调发展/潼南区
集体经济组织法人的历史变迁与法律结构	李永军	比较法研究	中国政法大学	2017,(040):35-52	乡镇集体经济组织/集体经济组织/人民公社/特别法人
乡镇总体规划中的“囚徒困境”及脱困之道——兼论乡镇总体规划逻辑系统还原与重构	陈小辉/邱白嫣	城市发展研究	福州大学	2017,(040):1-6	乡镇总体规划/囚徒困境/逻辑系统/思维模式/还原/重构
我国乡镇政府绩效考核控制、博弈中的异化及改革路径	秦晓蕾	江苏社会科学	南京师范大学	2017,(030):125-133	乡镇政府绩效考核/控制/博弈/分配正义/民主话语权
我国乡镇管理体制改革:现状、问题和思路	杨丹/徐继敏	四川师范大学学报(社会科学版)	四川大学	2017,44(010):30-40	乡镇管理体制改革/“县管市”体制/街道办事处/基层自治/法治化
乡镇片区责任制与官僚制的二元共治机制——基于浙东K镇的实证研究	仇叶	华中科技大学学报(社会科学版)	华中科技大学	2017,31(010):121-129	乡镇政府/片区责任制/非正式治理/官僚制/二元治理
治理走向何处:基层社会治理的单位选择和范式转向——兼谈《被困的治理（1980-2009）》	姜利标	中国农业大学学报(社会科学版)	华中农业大学	2017,34(040):93-101	地方乡镇/对话焦点/结构化情境/复合治理
我国乡镇敬老院治理模式改革探讨	肖陆军	求索	重庆师范大学	2017,(100):70-76	乡镇敬老院/治理模式/改革
乡镇社会治理中的“混合模式”:突破与局限——来自浙江桐乡的“三治合一”案例	胡洪彬	浙江社会科学	浙江财经大学	2017,(120):64-72	乡镇社会治理/混合模式/浙江桐乡/三治合一
重访尖山下村	毛丹	浙江社会科学	浙江大学	2017,(120):152-154	山下村/乡镇企业/乡村工业化
中国龙字地名的转化、发展和保护考	吴光范	云南社会科学	云南省地方志编纂委员会	2017,(040):105-109	龙字地名/龙文化/乡镇体制改革/地名文化
西南民族地区乡镇灾害文化建设的意义与可行性——以阿坝藏族羌族自治州汶川县为例	高中伟/邱爽	西藏大学学报(社会科学版)	四川大学	2017,32(020):122-129,137	乡镇灾害文化/重要性/可行性
新时期乡镇政府职能转变问题研究	马君昭	中州学刊	平顶山学院	2017,(070):8-12	乡镇政府/机构改革/政府职能/职能转变
乡村治理中乡镇政府的双重困境及其成因——甘肃省C镇的个案经验	陆益龙/王枫萍	西北师大学报(社会科学版)	中国人民大学	2017,54(050):37-44	乡村治理/乡镇政府/双重困境/体制/能动性
民国保甲诉讼中的“罪名”与“罪行”——以甘肃保甲讼案为中心	柳德军	甘肃社会科学	山西大学	2017,(040):186-191	民国时期/保甲制度/乡镇保长/行政诉讼
我国乡镇行政区划调整中的激进现象及其消弭	李金龙/闫倩倩	甘肃社会科学	湖南大学	2017,(060):219-224	乡镇行政区划调整/城镇化/行政管理/战略规划/创新管理
西南山地丘陵区典型乡镇环境因素对农村新建居民点布局与复垦的影响差异分析	周启刚/焦欢/王兆林/陈倩/国洪磊	长江流域资源与环境	重庆工商大学	2016,25(020):274-283	环境因素/新建居民点/居民点复垦/西南山地丘陵区/影响差异
基于乡镇尺度的河南省人口分布的地统计学分析	张海霞/牛叔文/齐敬辉/叶丽琼/李娜	地理研究	兰州大学	2016,(020):325-336	人口分布/乡镇尺度/地统计学/变异函数/河南省
民主的悖论:20世纪40年代甘肃乡镇保长民选及其异化	柳德军	安徽史学	山西大学	2016,(010):83-92	国民政府时期/乡镇保长/民主选举/甘肃省政府
论建立乡镇政府审计机关的必要性——基于审计需求和审计主体的理论框架	王家新/郑石桥/吕君杰/张耀中	审计与经济研究	南京审计大学	2016,31(010):18-26	乡镇政府审计机关/乡镇集体经济组织审计/审计需求/审计主体/乡镇政府审计/政府审计制度/国家审计制度/基层组织审计/乡镇审计
基于生态—经济协调发展的乡镇空间功能分区	赵海霞/崔建鑫/董雅文/高俊峰/王淑芬	长江流域资源与环境	中国科学院流域地理学重点实验室	2016,25(030):375-386	乡镇尺度/功能区划/矩阵分类法/雄州街道
四川乡镇贫困群体的社会支持网研究——基于农村贫困群体社会支持网的比较分析	王卓	农村经济	四川大学	2016,(040):8-14	贫困群体/社会网络/社会资本/精准扶贫/社区建设
乡村治理视野下的乡镇政务微博研究——以甘肃陇南成县12镇5乡政务微博为例	詹骞	当代传播	中国传媒大学	2016,(020):90-93	乡村治理/基层治理/乡镇政务微博
“联村制度”与利益密集型村庄的乡镇治理——以浙东S镇M村的实践为例	冯川	公共管理学报	华中科技大学	2016,13(020):38-48	乡镇治理/利益密集型/联村制度/治理无主体化/非科层化
乡镇政府职能转变的制约因素论析:整体性视域	曲延春/王淑晴	农业经济问题	山东师范大学	2016,(080):92-100,112	乡镇政府/职能转变/制约因素/整体性视域/城市偏向
我国乡镇综合文化站对公共图书馆功能的替代性研究	于良芝/权昕	图书馆建设	南开大学	2016,(060):4-11	乡镇综合文化站/公共图书馆/图书馆服务
乡镇地域多功能性评价与主导功能定位——以金湖县为例	罗雅丽/李同昇/张常新/翟洲燕	人文地理	西北大学	2016,31(030):94-101	地域多功能性/主导功能/多维评价模型/四象限分析模型/乡镇地域
我国乡镇图书馆建设中的话语与话语性实践——基于政策文本和建设案例的分析	于良芝/李亚设/权昕	中国图书馆学报	南开大学	2016,(040):4-19	乡镇图书馆/乡镇综合文化站/话语分析
强镇扩权:乡镇行政体制改革的新探索	黄雯	理论与改革	陕西师范大学	2016,(040):95-99	强镇扩权/模式探索/路径优化
乡镇社会的道德遗忘与教育建构——社群主义视角下的乡镇道德教育	翟楠	教育发展研究	扬州大学	2016,(150):36-42	道德遗忘/乡镇社群/公共伦理/道德教育
农业为主型乡镇政府压力实证研究:维度区分与作用机制	文华	中国行政管理	重庆文理学院	2016,(080):56-63	乡镇政府/压力维度/作用机制
论乡镇图书馆的转型——突破总分馆模式的发展瓶颈	柯平/邹金汇	图书馆工作与研究	图书情报专业(MLIS)中心	2016,(070):5-12	乡镇图书馆/总分馆模式/图书馆转型/基层公共文化服务
探索县级图书馆对农家书屋的完善与发展——以天津市静海区农家书屋为例	姚芳	图书馆工作与研究	天津市静海区图书馆	2016,(070):109-111	农家书屋/乡镇图书馆/乡村建设
“公共的但不文明”的空间:乡镇敬老院“规训”的在场——基于山东省H镇敬老院的个案研究	刘林/豆书龙	中央民族大学学报(哲学社会科学版)	中国农业大学	2016,43(050):34-40	敬老院/规训权力/自主性
基于中心性的乡镇居民点等级划分研究——以重庆市潼南区为例	孙方/王炜/廖聪/张文新	经济地理	北京师范大学	2016,36(120):82-88,103	区划/乡镇居民点/中心性/因子分析/等级划分/增长极
镶嵌在民族文化之中的市场监管——以贵州乡镇赶场监管为例	刘洪瑞/吴大华	贵州民族研究	贵州省工商局	2016,37(110):42-46	赶场/市场监管/民族文化
我国乡镇集贸市场内涵和用地规模预测方法研究	周丹/宋芳晓/鲍巧玲/宋文杰	城市发展研究	中国建筑设计院有限公司	2016,(110):C23-C26	现状特征/内涵/用地规模
权力、表达与民众反抗——以抗战前江苏省民众与乡镇保甲长的冲突为例	杨红运	中国农史	天津外国语大学	2016,35(050):79-91	权力/表达/民众反抗/抗战前/江苏省
农村居民拆迁安置地选择的影响因素研究——基于四川省南充市43799个样本的调查	王芳/方萍萍	农村经济	四川农业大学	2016,(100):51-56	文化距离/乡镇经济水平/安置地选择/MNL模型
茶园土壤速效磷乡镇尺度下空间异质性对比分析——以江浙地区优质名茶种植区为例	董立宽/方斌/施龙博/马鑫雨/郑俊	长江流域资源与环境	南京师范大学	2016,25(100):1576-1584	茶园/土壤速效磷/地统计学/空间异质性/对比分析
市场化进程中乡镇政府“行为悖论”的发生学解析	徐晨/王振亚	西北大学学报(哲学社会科学版)	陕西师范大学	2016,46(020):138-145	市场化进程/乡镇政府/行为/发生学
我国“强镇扩权”改革的差异化进路及发展趋向	贺荣兰	甘肃社会科学	四川大学	2016,(020):237-241	强镇扩权/乡镇/服务型政府/建制调整/多元治理
落实、应付与迎合:乡镇政府在禁毒宣传中的三种行动策略——C镇禁毒宣传活动的社会学解读	王枫萍	学海	中国人民大学	2016,(050):131-136	选择性落实/策略性应付/针对性迎合
我国农用水权效率损失与政策改进	戎丽丽/胡继连	河南社会科学	济南大学	2016,(020):75-82	农用水权/水权排他性/乡镇俱乐部产权/水资源配置效率/水资源利用效率
抗战时期甘肃保甲制度的重构及其异化	柳德军	社会科学辑刊	山西大学	2016,(040):107-114	抗战时期/甘肃/保甲制度/乡镇保长
农村公共品供给中乡镇政府的角色悖论及其行为选择	徐晨/王振亚	西安交通大学学报(社会科学版)	陕西师范大学	2016,36(040):65-72	农村公共品/乡镇政府/角色冲突/行为逻辑
乡镇党代会年会制:进展与深化——基于浙江的实践	李俊	中州学刊	中共绍兴市委党校	2016,(090):18-22	乡镇党代会/年会制/改革/浙江
我国社会矛盾趋势预测——基于219位街道、乡镇党政领导干部的经验判断	朱力	南京社会科学	南京大学	2016,(090):51-57,64	社会矛盾/发展趋势/预测/经验判断法
农业现代化进程中的乡镇政府职能三维定位	黄建红/何植民	社会科学家	湘潭大学	2016,(080):48-52	乡镇政府/职能定位/农业现代化/三维结构
我国社区矫正基层执法机构的问题及改革建议	吴宗宪	甘肃社会科学	北京师范大学	2016,(060):115-121	社区矫正/基层执法机构/乡镇司法所
半专业化群众组织与合作治理——以S镇林业管理工作为中心的考察	李梦侠	湖北社会科学	中南财经政法大学	2016,(080):46-54	半专业化群众组织/合作治理/乡镇林业管理
体制与乡土双重背景下乡镇政府社会政策执行偏差研究	倪咸林/向征	湖北社会科学	民政部	2016,(100):24-30	压力型体制/乡镇政府/社会政策/执行偏差
新常态下我国城镇化的发展动力与路径选择	侯为民/李林鹏	经济纵横	中国社会科学院马克思主义研究院	2015,(040):11-16	城镇化/乡镇经济/经济新常态/城镇化动力
新型城镇化背景下乡镇社区图书馆发展策略研究	李玉芬	图书馆	厦门城市职业学院	2015,(050):57-60	新型城镇化/乡镇社区图书馆/公共图书馆/策略研究
散杂居民族乡镇发展中的问题与对策研究——以湖北省散杂居民族乡镇发展为例	杨延昭/杨天荷	中南民族大学学报(人文社会科学版)	湖北省政协	2015,35(030):32-36	散杂居民族乡镇/经济社会发展/地方财税政策/对口帮扶/产业结构调整
中国西北地区城镇化的路径探讨	蓝志勇/刘军	中国行政管理	中国人民大学	2015,(050):78-81	新型城镇化/城乡分治/乡镇建设/西北战略
强镇扩权:深化乡镇行政体制改革的新近探索与实践	唐庆鹏	经济体制改革	南京师范大学	2015,(030):88-93	强镇扩权/行政体制/改革
基于城市腹地的乡镇通达性的时空格局及其演化——以湖北荆州市112个乡镇为例	段德忠/刘承良	长江流域资源与环境	华东师范大学	2015,24(040):548-556	最短时间通达性模型/场强模型/乡镇通达性/城市腹地/时空格局
基于乡镇尺度的克里雅河绿洲生态承载力分析——以于田县13个乡镇生态承载力为例	王宏卫/安秀峰/塔西甫拉提·特依拜/索菲娅/谢霞/刘勤	干旱区资源与环境	新疆大学	2015,29(100):48-55	生态足迹/生态承载力/克里雅河绿洲/可持续发展
制度创新如何生成和演进？——对乡镇公推直选试验的进化论分析	马得勇	学海	南开大学	2015,(010):153-163	进化论/制度创新/公推直选/乡镇/制度变迁
集体经营性建设用地入市的实证解析与立法回应	陆剑	法商研究	中南财经政法大学	2015,32(030):16-25	集体经营性建设用地/入市/乡镇企业建设用地/土地利用规划/村庄规划
基于服务型政府建设的基层林业站职能优化途径研究	吴守蓉/邬惠中/白石则彦	农村经济	北京林业大学	2015,(070):100-105	服务型政府/职能优化/林业站/乡镇林业站
选举抑或协商:对两种乡镇民主模式的比较分析	马得勇/张国亚	国外理论动态	南开大学	2015,(060):89-100	选举民主/协商民主/乡镇/政治后果
“协调型”政权:项目制运作下的乡镇政府	付伟/焦长权	社会学研究	北京大学	2015,(020):98-123	税费改革/项目制/乡镇政权/协调型政权/非技术治理
乡镇存量工业用地再利用的分析框架:基于苏南W市D镇的实证	沈洋/杨新海/彭锐	城市发展研究	苏州科技学院	2015,22(030):101-107	苏南乡镇/存量工业用地/识别/再利用
全球化进程与“中间地带”的“乡镇写作”——以迟子建的长篇小说《群山之巅》为中心	徐勇/王迅	文艺研究	浙江师范大学	2015,(090):66-72	迟子建/群山之巅/全球化/乡镇写作
乡镇企业发达区耕地健康评价与驱动机理研究	李强/彭文英/王建强/赵烨	自然资源学报	首都经济贸易大学	2015,30(090):1449-1510	耕地健康/能值分析/模糊评价/乡镇企业发达区
“简政强镇”与乡镇权力绩效规制工具的选择——以广东省为例	邵任薇/胡国鹏	城市问题	广东外语外贸大学	2015,(100):74-80	简政强镇/绩效规制/乡镇权力/规制工具
嘉兴:打造新一代的乡镇分馆	李超平/孙云倩	国家图书馆学刊	浙江大学	2015,24(050):44-48	公共图书馆/基层图书馆/乡镇分馆/提档升级/嘉兴市
乡镇政府公共服务供给能力评估指标体系建构——兼论政府公共服务能力的研究现状	雷玉琼/李岚	中国行政管理	湖南大学	2015,(110):30-35	能力/政府公共服务能力/乡镇/评估模式
乡镇政府在农村基本公共服务供给中的困境与出路	张金荣/孙彦鹏	红旗文稿	吉林大学	2015,(060):31-32	乡镇政府/农村基本公共服务供给/服务职能
行政区划调整对小城镇发展的负向影响——以湖南省华容县沿江乡镇为例	刘豫萍/罗小龙/殷洁	城市问题	南京大学	2015,(110):4-9	收缩城镇/行政区划调整/乡镇衰退/湖南华容
我国村务监督委员会的运行困境及对策建议——基于11省700名乡镇纪委书记问卷调查的实证研究	刘诗林	理论探讨	中国纪检监察学院	2015,(010):128-131	村务监督委员会/民主监督/基层民主/农村腐败
现行法弊端的传统反省与改良建言:乡镇体制的历史检视与现实的多元选择	武乾	法学	中南财经政法大学	2015,(010):87-90	乡镇体制/自治/多元选择
农村工业源重金属污染:现状、动因与对策——来自企业层面的证据	李玉红	农业经济问题	中国社会科学院数量经济与技术经济研究所	2015,(010):59-65	农村/乡镇企业/重金属污染/污水灌溉/不可逆性
乡镇工业园区土地资源二次开发的实证研究——以上海55家乡镇工业园区为例	杨畅	上海经济研究	上海市人民政府发展研究中心	2015,(010):100-106,125	土地资源/二次开发/实证研究/工业园区
我国乡镇(街道)图书馆统计标准化建设研究	陈茹	图书馆工作与研究	陕西省图书馆	2015,(020):4-7	乡镇街道/图书馆/统计/标准化/建设
乡镇在城乡统筹发展规划中的地位和功能:基于案例的分析	朱介鸣	城市规划学刊	同济大学	2015,(010):32-38	农业乡镇/工业乡镇/城市乡镇街道/强镇扩权
街镇公共图书馆建设路径研究——兼评《广州市公共图书馆条例》相关规定	陈深贵/陈丽纳/罗小红/方家忠	图书馆论坛	广州图书馆	2015,35(030):9-15,8	乡镇图书馆/街道图书馆/总分馆制/广州市/立法
制度结构失衡与制度变迁——基于乡镇卫生院绩效工资制度	徐缓/张汝立	社会科学家	北京师范大学	2015,(070):54-58	制度/结构分析/功能分析/制度变迁
从自治伦理看乡镇农民的道德教化——托克维尔的乡镇精神及其教育遗产	薛晓阳	江海学刊	扬州大学	2015,(050):200-206	自治伦理/乡镇农民/道德教化
论乡镇政府与农民关系的优化——从改善制度环境的角度切入	杨海坤/樊响	江淮论坛	山东大学	2015,(060):142-150	乡镇政府/农民/制度环境/压力型体制/多中心治理
乡镇司法所纠纷解决的实践与机制构建——以滇中桂乡司法所为视角	牟军/牛文欢	思想战线	云南大学	2015,41(060):106-111	乡镇司法/纠纷/实践/机制构建
三维型政权:新型城镇化进程中的乡镇政权——基于贵州省桐乡的拓展个案研究	温丙存	中国农业大学学报(社会科学版)	河海大学	2015,32(020):51-60	新型城镇化/锦标赛机制/拉力赛机制/淘汰赛机制/三维型政权
新型城镇化与乡镇行政管理体制改革	殷存毅/杨勇	云南社会科学	清华大学	2015,(020):6-11	行政管理/新型城镇化/乡镇改革
解读朱天文电影文学中的“乡镇”意象	薛凌	西北大学学报(哲学社会科学版)	西北大学	2015,45(030):135-138	朱天文/电影文学/身份/乡愁
委托代理理论视角下地方政府职能定位与作用——以乡镇义务教育为例	盛义龙/李芝兰/杨振杰	湖北社会科学	武汉工程大学	2015,(050):55-60	地方政府/职能/委托代理/自由裁量权
前世与今生:乡镇文化站的历史变迁与路径转向——公共文化服务不同时期的功能	夏玉珍/卜清平	甘肃社会科学	华中师范大学	2014,(010):43-47	公共文化服务/乡镇文化站/历史变迁/路径转向
县乡关系视角下的乡镇机构改革研究	杨军	湖北社会科学	中共广西壮族自治区委党校	2014,(010):16-22	乡镇机构/改革/问题/对策
县乡基层政权整体协同性改革思维的学理分析	王彦智	华南农业大学学报(社会科学版)	西藏民族学院	2014,(020):118-125	乡镇改革/县乡基层政权/农业综合改革/协同改革
当前乡镇干部工作倦怠问题与对策研究	邹燕秋	郑州大学学报(哲学社会科学版)	中共南阳市委党校	2014,47(020):28-32	乡镇政权/乡镇干部/工作倦怠
乡镇机构改革三十年:实践演进与理论研究的双重审视	曲延春	东岳论丛	山东师范大学	2014,(080):136-144	乡镇机构改革/实践演进/理论研究/纵向压缩/横向瘦身
农民集中居住意愿的影响因素分析——基于山东省26个乡镇的调查研究	孔艳芳/张海鹏/贾庆英	山东大学学报(哲学社会科学版)	南开大学	2014,(060):27-35	城乡建设用地/农民意愿/有序因变量模型
项目下乡、乡镇政府“自利”与基层治理困境——基于某国家级贫困县的涉农项目运作的实证分析	李祖佩	南京农业大学学报(社会科学版)	华中农业大学	2014,14(050):18-25	项目下乡/乡镇自利性/村庄类型/基层治理
农村公共服务市场化路向及其深化	陈荣卓/祁中山	江汉论坛	华中师范大学	2014,(110):16-19	农村公共服务/以钱养事/乡镇事业单位/社会组织
乡镇污水治理的市场化改革模式及推进路径研究	常敏/朱明芬	浙江学刊	中共杭州市委党校	2014,(060):185-191	乡镇污水治理/市场化改革/运作模式/公共治理
村民自治:“单元下沉”抑或“单元上移”	陈明	探索与争鸣	华中师范大学	2014,(120):107-110	村民自治/单元下沉/单元上移/家户主义/乡镇自治
乡村契约关系与乡镇政府公共服务职能创新	李淑红/王利清	内蒙古社会科学	内蒙古建筑职业技术学院	2014,35(030):17-20	乡村契约关系/乡镇政府/公共服务
县乡行政管理层级的结构调整与改革路径	杨嵘均	南京大学学报(哲学.人文科学.社会科学版)	南京师范大学	2014,(030):147-156	行政层级/乡村关系/乡镇自治/强县扩权/行政区划调整
乡镇领导干部团队胜任力及其对工作绩效的影响研究	李欣	湖北社会科学	华南农业大学	2014,(060):50-53	乡镇领导干部/胜任力/工作绩效/结构模型
提升干部工作民主质量:探索与成效——基于对乡镇党委成员公推直选的考察	丁忠毅	社会科学研究	四川大学	2014,(010):74-78	干部选任/民主质量/公推直选/基层民主/党的建设
乡镇公推直选制度创新与乡村权力关系变迁	陈元中/高佳红	理论探讨	广西民族大学	2014,(010):120-123	公推直选/制度创新/权力关系/变迁
乡镇政府和村民委员会有机结合的制度建构	徐大兵	行政论坛	华南农业大学	2014,21(010):28-31	中国政治/民主政治/村民自治/乡镇政府/村民委员会/乡政村治
乡镇政府与村民委员会之间的关系——一种交换理论的分析框架	王文吉	理论与改革	武汉大学	2014,(010):118-121	交换理论/乡镇政府/村民委员会
服务型乡镇政府建设的体制性障碍分析——以河南刘乡为个案	任宝玉	社会主义研究	河南财经政法大学	2014,(010):76-81	乡镇政府/服务型政府/河南刘乡/体制性障碍
科学发展观引领下的乡镇治理转型与优化	陈荣卓/唐鸣	马克思主义与现实	华中师范大学	2014,(010):180-184	科学发展观/乡镇治理/以人为本/民主协商/政治参与
教育下乡:一个乡镇的教育治理实践	沈洪成	社会学研究	河海大学	2014,(020):90-115	辍学/教育治理/目标责任制/运动式治理/内卷化
乡镇政府环保角色矛盾分析	贾凤姿/刘建涛	理论探索	大连海事大学	2014,(020):74-77	乡镇政府/环保角色/矛盾
城镇化视角下云南省“农转城”现状及影响因素研究——基于三乡镇的对比分析	赵翌辰	财政研究	中国人民大学	2014,(010):63-66	城镇化/农转城工作/影响因素
我国“扩权强镇”改革的法学分析	徐继敏/杨丹	理论与改革	四川大学	2014,(020):75-79	扩权强镇/简政强镇/县管市/国家治理体系/乡镇政府
有限资源、多重角色下的乡镇政府行为变异与治理转型	李明	农村经济	四川省社会科学院	2014,(040):13-17	乡镇政府/困境/改革路径/参与
民生视角下的乡镇财政及监管机制建设	侯余兴/童光辉	财政研究	浙江省财政厅	2014,(030):33-36	乡镇财政/民生视角/财政体制/监管机制
村落解体与中国乡镇治理的路径选择	刘伟	中国行政管理	武汉大学	2014,(050):64-68,114	村落解体/乡镇治理/路径选择/重建共同体
乡镇集体建设用地制度异化与法律反思	李宴	农业经济问题	淮阴师范学院	2014,(050):68-75	乡镇集体建设用地/所有权主体/取得行为/权利移转/制度异化
我国乡镇图书馆建设历史回顾和可持续发展	邓银花	图书馆工作与研究	广东技术师范学院	2014,(050):20-23	乡镇图书馆/可持续发展/管理体制/经费保障/资源整合
行政区划未调整下乡镇统筹共建的辩证思考——以栟茶镇与河口镇城乡统筹规划为例	周军/王兴平/张一凡	城市发展研究	东南大学	2014,21(050):26-31,48	行政区划/统筹共建/乡镇/辩证
新型城镇化背景下乡镇政府改革路径探析	孙召鹏	当代世界与社会主义	中共中央编译局	2014,(030):136-141	新型城镇化/乡镇政府改革/新农村
台湾地区乡镇市体制演进与立法过程	廖南贵	北京行政学院学报	台湾花莲县议会	2014,(030):36-40	台湾省地方自治纲要/省县自治法/直辖市自治法/黑金政治
公共管理视角下派驻乡镇检察室分析——以海南派驻乡镇检察室为例	陆建军	法学杂志	海南政法职业学院	2014,35(060):98-104	派驻乡镇检察室/公共管理/公共组织/公共选择/法律监督
三峡库区腹地县域耕地压力研究——以奉节县27个乡镇为例	甘彩红/李阳兵/邵景安/王永艳	资源科学	重庆师范大学	2014,36(070):1365-1373	耕地/耕地压力/土壤侵蚀综合指数/奉节县
农产品加工业集聚与经济增长研究——基于乡镇企业的数据	徐志仓/钱美琴/余雷	经济问题探索	巢湖学院	2014,(080):116-122	农产品加工业/行业集中度/EG 指数/经济增长
乡镇公共体育服务指标体系构建与评价	李秋良/黄婕能	统计与决策	成都理工大学	2014,(160):64-65	公共体育服务指标体系/体育评价/因子分析
双重领导与多任务性:中国乡镇纪检监察组织监督困境的实证研究	刘诗林/李辉	公共行政评论	中国纪检监察学院	2014,7(030):107-132	反腐败/乡镇纪检组织/监督能力/双重领导/多任务性
乡镇司法所调解程序诉讼化之反思——以湖北省若干乡镇司法所为样本的分析	杨瑞	法学评论	华中农业大学	2014,32(050):90-96	乡镇司法所/司法所调解/诉讼化/规范化
“乡镇企业叙事”与“中国现代化的独特模式”——新世纪乡土小说与中国农村变革系列研究	李兴阳	扬子江评论	南京大学	2014,(030):73-77	新世纪乡土小说/中国农村变革/乡镇企业叙事
我国乡镇(街道)图书馆评估工作现状及标准化建设研究	万行明	图书馆工作与研究	陕西省图书馆	2014,(120):4-8	乡镇街道/图书馆/评估/标准化/建设
开发区联动乡镇发展模式探讨	于本瑞/徐庆松/杨亚萍	经济纵横	中国人民大学	2014,(110):117-120	开发区/乡镇/联动/管理体制/路径
国家转型、农村正式制度变迁与乡镇政府行动	何君	经济社会体制比较	农业部	2014,(060):83-94,125	国家转型/正式制度/制度变迁/乡镇政府/行动
乡镇治理转型与服务型乡镇政府建设	任宝玉	政治学研究	河南财经政法大学	2014,(060):84-96	乡镇政府/乡镇治理/服务型政府/公共财政体制/公共权威授权体制
“新乡镇中国”的“当下现实主义”审美书写——贾平凹《带灯》论	张丽军	文学评论	山东师范大学	2014,(010):61-69	贾平凹/带灯/新乡镇中国
年龄、权力与国家话语——以抗战前江苏省乡镇保甲长的选任为例	杨红运	华中科技大学学报(社会科学版)	天津外国语大学	2014,28(040):70-76	年龄/权力/话语/江苏/乡镇保甲长
基层医疗机构卫生服务资源配置效率研究	肖圣鹏/莫颖宁	山东社会科学	山东中医药大学	2014,(090):108-112	乡镇卫生院/医疗设备/资源配置
占有、经营与治理:乡镇企业的三重分析概念(上)——重返经典社会科学研究的一项尝试	渠敬东	社会	中国社会科学院社会发展研究所	2013,33(010):1-37	乡镇企业/产权/占有/经营/治理
占有、经营与治理:乡镇企业的三重分析概念(下)重返经典社会科学研究的一项尝试	渠敬东	社会	中国社会科学院社会发展研究所	2013,33(020):1-32	乡镇企业/产权/占有/经营/治理
回归乡土与现实:乡镇企业研究路径的反思	周飞舟	社会	北京大学	2013,33(030):39-50	乡镇企业/产权/中国模式
理论化与制度精神——由《占有、经营与治理:乡镇企业的三重分析概念》引申的几点思考	赵立玮	社会	中国社会科学院社会学研究所	2013,33(030):51-64	乡镇企业/总体性/概念框架/制度精神
少数民族离村上学儿童的社会适应——基于对Y省少数民族聚居地区乡镇中心学校的田野调查	戴岳	学术论坛	贵阳学院	2013,36(060):217-221	少数民族儿童/离村上学/布局调整/社会适应
基层协商民主与乡镇善治研究——基于浙江温岭“新河实验”分析	林兴初	学术论坛	中共台州市委党校	2013,36(090):33-37	基层协商民主/乡镇善治/新河实验
论小城镇与我国的城镇化发展道路	陆杰华/韩承明	中国特色社会主义研究	北京大学	2013,(010):98-104	城镇化/小城镇/乡镇企业/发展
我国乡镇债务预警机制的构建	汤夺先/张甜甜	安徽大学学报(哲学社会科学版)	安徽大学	2013,37(060):150-156	乡镇债务/预警机制/预警系统构成/预警组织管理/运行模式
再论“小二胎”现象:区域比较的视角——以H省三个典型乡镇为例	孙新华/郑晓园	南方人口	华中科技大学	2013,28(010):1-11	小二胎/男孩偏好/二孩偏好/计生政策/区域比较
农村的二胎超生反弹及其原因探析——以湖北省三个乡镇为例	孙新华	人口与发展	华中科技大学	2013,(030):105-112	农村/二胎超生/生育反弹/二孩偏好/政策环境
问责、组织政治知觉与印象管理:目标责任考核情境下的实证研究	阎波/吴建南	管理评论	西安交通大学	2013,(110):74-84	印象管理/问责/组织政治知觉/乡镇政府/调节效应
民主选举的可持续性研究——以乳山市两届乡镇党委书记选举为例	龙宁丽	马克思主义与现实	中共中央编译局	2013,(040):134-138	干部录用/民主选举/可持续性/分权
创新乡镇社会管理:一个复杂系统的分析框架	曾维和	社会科学	南京信息工程大学	2013,(040):33-41	创新乡镇社会管理/复杂系统/分析框架/社会管理复杂性
“简政强镇”改革中乡镇权力绩效规制:工具选择与运用	邵任薇	中国行政管理	广东外语外贸大学	2013,(060):41-45	简政强镇/绩效规制/政策工具
政府绩效内部主观评价有效性检验——基于安徽省85个乡镇的经验研究	闰丙金	公共管理学报	安徽财经大学	2013,10(040):37-47	乡镇政府/政府绩效/内部评价/主观评价/评价稳定性
乡镇政府中的非正式规则:产生、影响及其类型	刘晓峰	深圳大学学报(人文社会科学版)	安徽师范大学	2013,30(060):98-102	乡镇政府/非正式规则/政府规则
乡镇治理的制度化及其提升策略——基于全国30个乡镇规程的比较研究	吴金群	南京社会科学	浙江大学	2013,(110):85-91	乡镇治理/乡镇规程/制度化
政府信任媒介的信任建构逻辑及其获得机制建设——基于乡镇政府的考察	胡鸣铎/牟永福	江苏行政学院学报	中共河北省委党校	2013,(040):110-115	政府信任/媒介/获得机制
目标责任制下的绩效问责与印象管理——以乡镇政府领导为例的分析	阎波/吴建南	中州学刊	西安交通大学	2013,(120):45-50	绩效问责/印象管理/乡镇政府/目标责任制
加强乡镇干部作风建设的途径探析	吴长春/徐健	理论探讨	大连海事大学	2013,(040):125-128	乡镇干部/作风建设/路径
关于乡村基层治理的几点思考——基于深化乡镇政府机构改革的视角	闫丽萍	东岳论丛	山东行政学院	2013,(110):175-178	基层治理/服务型乡镇政府/执政资源/渐进式的增量改革
我国乡镇政府政策执行力提升研究	徐元善/周定财	政治学研究	江苏师范大学	2013,(020):37-49	乡镇政府/政策执行力/公共政策
多中心视野下的乡镇治理——基于浙江实践的考察	方柏华/杨日鹏/汪玮	科学社会主义	中共浙江省委党校	2013,(040):72-75	乡镇治理/问题/对策
乡村社会资本的政治效应——基于中国20个乡镇的比较研究	马得勇	经济社会体制比较	南开大学	2013,(060):91-106	社会资本/政治参与/治理/政治信任/公民社会/民主价值观
城乡统筹发展与乡镇政府职能转变	刘兆鑫	中州学刊	郑州大学	2013,(100):11-15	城乡统筹/乡镇行政体制改革/合作治理
乡镇政府行为正当性构建逻辑	王利清	内蒙古社会科学	内蒙古农业大学	2013,34(020):14-17	民族地区/乡镇政府/行为正当性/构建逻辑
全面推进依法行政视角下的乡镇行政体制改革研究	姚锐敏	中州学刊	华中师范大学	2013,(050):5-9	乡镇政府/依法行政/行政体制
乡镇人大制度的现实困境与改革路向	王玲/申恒胜	中国特色社会主义研究	西华师范大学	2013,(060):66-70	乡镇人大制度/现实困境/改革路向
测量乡镇治理——基于10省市20个乡镇的实证分析	马得勇	中国行政管理	南开大学	2013,(010):99-104	乡镇/治理/政府绩效
对峙与摆平:城郊农民与乡镇政府的博弈机制——以杭州市A镇为个案的研究	张丙宣	中国农村观察	浙江工商大学	2013,(020):57-64	农民/乡镇政府/利益博弈/对峙/摆平
从“政权经营者”到“社会治理者”——社会管理创新视域下的乡镇政府	曲延春	东岳论丛	山东师范大学	2013,34(050):109-112	政权经营者/社会治理者/乡镇政府/社会管理创新/农村经济/农村公共服务
地权的阶层关系属性:阶层分化与地权冲突——对江汉平原一个乡镇的个案分析	杨华/欧阳静	中国农业大学学报(社会科学版)	华中科技大学	2013,30(040):21-39	阶层分化/地权冲突/地权共识/阶层关系属性
后税费时期乡镇政府治理能力研究	尤琳/陈世伟	社会主义研究	江西师范大学	2013,(060):59-64	后税费时期/乡镇政府/治理能力
从“简政放权”到“强镇扩权”——对改革开放后两次乡镇改革的比较分析	李媛媛/王泽/陈国申	社会主义研究	山东农业大学	2013,(060):53-58	简政放权/强镇扩权/乡镇改革
对乡镇行政权与村民自治权良性运行的几点思考	黄杰华/李赫之	江西社会科学	江西财经大学	2013,(080):194-198	村民自治/乡镇政府/和谐/治理
新时期乡镇法治政府建设研究	盛清才/田园	中州学刊	广东海洋大学	2013,(070):59-62	依法行政/法治政府/乡镇建设
